ctitle,Create_time,db_link,author,ISBN,cover,Neodb_link,Cover1
铁袈裟,2023-09-04,https://book.douban.com/subject/35556950/,郑岩,9787108071965.0,https://img2.doubanio.com/view/subject/l/public/s34060531.jpg,https://neodb.social/book/69ThcQzTwa4ukgmDFjP4eW,https://neodb.social/media/book/2021/12/11268b910e-04b4-4591-a192-1fcce5be2b72.jpg
清代漕运,2023-09-04,https://book.douban.com/subject/1253447/,李文治,9787101012385.0,https://img2.doubanio.com/view/subject/l/public/s1201332.jpg,https://neodb.social/book/70qDiHJIplRsLZKIvAk9fG,https://neodb.social/media/book/2021/10/2383acd020-078d-447e-aec4-6c4c84934e8f.jpg
汉水的身世,2023-08-05,https://book.douban.com/subject/36136538/,袁凌,9787521747591.0,https://img1.doubanio.com/view/subject/l/public/s34339770.jpg,https://neodb.social/book/6WVwrw6GflDVPnZPyQjReP,https://neodb.social/media/book/2022/11/18404a0bc8-798f-416e-bb60-3ed2f252445d.jpg
我在北京送快递,2023-08-05,https://book.douban.com/subject/36150423/,胡安焉,9787572609268.0,https://img1.doubanio.com/view/subject/l/public/s34522268.jpg,https://neodb.social/book/5SJvkuHNGL4XhBddW2J4EJ,https://neodb.social/media/item/doubanbook/2023/03/26/0ac4642d-4552-4a23-884e-5abc9d3f2864.jpg
记忆的性别,2023-08-05,https://book.douban.com/subject/27030380/,[美] 贺萧（Gail Hershatter）,9787010167817.0,https://img9.doubanio.com/view/subject/l/public/s29447295.jpg,https://neodb.social/book/5Hm9GtNkC5oM5e3730adpU,https://neodb.social/media/book/2021/09/16fec7799e-f5ad-4ca1-90d3-e7c8fb2ce776.jpg
错乱,2023-08-05,https://book.douban.com/subject/35849095/,[萨尔瓦多] 奥拉西奥·卡斯特利亚诺斯·莫亚,9787536096806.0,https://img2.doubanio.com/view/subject/l/public/s34190802.jpg,https://neodb.social/book/4sNDsu9mwzui06hrwUDqrH,https://neodb.social/media/book/2022/04/129e505a31-7303-4b78-865d-d4f2632e44e6.jpg
漫长的余生,2022-12-23,https://book.douban.com/subject/35909188/,罗新,9787547743126.0,https://img2.doubanio.com/view/subject/l/public/s34249093.jpg,https://neodb.social/books/443844/,https://neodb.social/media/book/2022/07/13491b8028-680f-463e-9e1f-b96d752c4d81.jpg
叫魂,2022-12-10,https://book.douban.com/subject/25912076/,[美] 孔飞力,9787542643216.0,https://img2.doubanio.com/view/subject/l/public/s28118682.jpg,https://neodb.social/books/1022/,https://neodb.social/media/book/2021/09/15f5e77aba-63ef-4a82-9a21-4a629532c414.jpg
长安的荔枝,2022-12-10,https://book.douban.com/subject/36104107/,马伯庸,9787572608582.0,https://img2.doubanio.com/view/subject/l/public/s34327482.jpg,https://neodb.social/books/305364/,https://neodb.social/media/book/2022/08/11af0e29d4-aaa0-41a2-a334-9bbc9d70af71.png
南渡君臣,2022-12-10,https://book.douban.com/subject/34466273/,虞云国,9787208159860.0,https://img1.doubanio.com/view/subject/l/public/s33448400.jpg,https://neodb.social/books/9024/,https://neodb.social/media/book/2021/09/1672a98590-fa62-452e-a07f-d982b249c865.jpg
大江东去,2022-10-11,https://book.douban.com/subject/25918895/,阿耐,9787550230552.0,https://neodb.social/media/book/2021/10/049651f11d-30f2-48d7-81b5-d99878cb064b.jpg,https://neodb.social/books/30474/,https://neodb.social/media/book/2021/10/049651f11d-30f2-48d7-81b5-d99878cb064b.jpg
Red Roulette,2022-05-13,/books/30875/,Desmond Shum,9781982156152.0,https://neodb.social/media/book/2021/10/069fced107-6ad8-470f-b675-a061f6927813.jpg,https://neodb.social/books/30875/,https://neodb.social/media/book/2021/10/069fced107-6ad8-470f-b675-a061f6927813.jpg
改革歷程,2022-05-13,https://www.goodreads.com/book/show/6715852,Zhao Ziyang,9789881720276.0,https://neodb.social/media/book/2022/04/282191edd7-f88d-4ed4-a9af-e2874d5d0c84.jpg,https://neodb.social/books/339546/,https://neodb.social/media/book/2022/04/282191edd7-f88d-4ed4-a9af-e2874d5d0c84.jpg
他改变了中国,2022-05-13,https://book.douban.com/subject/1023322/,[美] 罗伯特·劳伦斯·库恩,9787532736553.0,https://neodb.social/media/book/2021/09/1733514754-3a0c-4d79-8ff6-8ee39de7f52a.jpg,https://neodb.social/books/16815/,https://neodb.social/media/book/2021/09/1733514754-3a0c-4d79-8ff6-8ee39de7f52a.jpg
Quantum Heterostructures,2022-04-05,https://book.douban.com/subject/2877435/," Mitin, Vladimir V.",9780521631778.0,https://img9.doubanio.com/view/subject/l/public/s18962639.jpg,https://neodb.social/books/419874/,https://neodb.social/media/book/2022/05/13c2b8b4e7-70d5-496d-ab22-8ebb2c150c95.jpg
天朝的崩溃（修订版）,2022-04-05,https://book.douban.com/subject/25935941/,茅海建,9787108050656.0,https://img9.doubanio.com/view/subject/l/public/s27685036.jpg,https://neodb.social/books/5109/,https://neodb.social/media/book/2021/09/16e81b667b-234b-47d5-b257-270748035c71.jpg
“山中”的六朝史,2021-12-30,https://book.douban.com/subject/34712156/,魏斌,9787108066671.0,https://img9.doubanio.com/view/subject/l/public/s33487038.jpg,https://neodb.social/books/6043/,https://neodb.social/media/book/2021/09/16b8a06564-7bdc-41a8-ac05-98b833c020a8.jpg
光电子学与光子学原理与实践,2021-09-20,https://book.douban.com/subject/24735914/,S. O. Kasap,9787121202933.0,https://img9.doubanio.com/view/subject/l/public/s26741644.jpg,https://neodb.social/books/419875/,https://neodb.social/media/book/2022/05/137857eb6e-e308-4f7e-a092-64e335f63ceb.jpg
秦制两千年,2021-09-20,https://book.douban.com/subject/35356472/,谌旭彬,9787213101496.0,https://img9.doubanio.com/view/subject/l/public/s33912621.jpg,https://neodb.social/books/2227/,https://neodb.social/media/book/2021/09/15b0cffb5d-3059-4c58-922e-789bdd59674a.jpg
Grokking Algorithms,2021-06-17,https://book.douban.com/subject/26366784/,Aditya Bhargava,9781617292231.0,https://img9.doubanio.com/view/subject/l/public/s28284924.jpg,https://neodb.social/books/5689/,https://neodb.social/media/book/2021/09/16ec5110cd-2c10-4307-9262-9655f08afcbd.jpg
Solid State Physics,2021-04-29,https://book.douban.com/subject/1768585/,Neil  W. Ashcroft,9780030839931.0,https://img9.doubanio.com/view/subject/l/public/s27403178.jpg,https://neodb.social/books/2047/,https://neodb.social/media/book/2021/09/1530ebd78a-0375-468d-81f7-46ac592aa9d9.jpg
中国国家治理的制度逻辑,2021-04-05,https://book.douban.com/subject/26901114/,周雪光,9787108058331.0,https://img9.doubanio.com/view/subject/l/public/s29399593.jpg,https://neodb.social/books/783/,https://neodb.social/media/book/2021/09/15923fc46f-8d8a-46f1-a078-ea10ac1f6143.jpg
Microstructural Characterization of Materials,2021-01-14,https://book.douban.com/subject/2928011/,"Brandon, D. G./ Kaplan, Wayne D.",9780471985020.0,https://img9.doubanio.com/view/subject/l/public/s4016689.jpg,https://neodb.social/books/419876/,https://neodb.social/media/book/2022/05/13983914a8-b216-4ba0-8e3d-49bec6eb0c5d.jpg
Physics of Semiconductor Devices,2021-01-13,https://book.douban.com/subject/6018563/,Simon M. Sze,9780470537947.0,https://img9.doubanio.com/view/subject/l/public/s6999764.jpg,https://neodb.social/books/419877/,https://neodb.social/media/book/2022/05/13983914a8-b216-4ba0-8e3d-49bec6eb0c5d.jpg
What Every Man Thinks about Apart from Sex,2020-10-21,https://book.douban.com/subject/6006299/,Sheridan Simove,9780956827807.0,https://img9.doubanio.com/view/subject/l/public/s27201747.jpg,https://neodb.social/books/26735/,https://neodb.social/media/book/2021/09/1931ed0226-ce30-459e-91e8-5794bb28879e.jpg
中国官僚政治研究,2020-09-24,https://book.douban.com/subject/1061155/,王亚南,9787500407898.0,https://img9.doubanio.com/view/subject/l/public/s6564330.jpg,https://neodb.social/books/6686/,https://neodb.social/media/book/2021/09/1629f8dd53-b6c5-4c41-8abb-263b5c9ec587.jpg
X-Ray Diffraction,2020-08-19,https://book.douban.com/subject/27021670/,页数: 414,9789814303590.0,https://img9.doubanio.com/view/subject/l/public/s29427901.jpg,https://neodb.social/books/419878/,https://neodb.social/media/book/2022/05/13e441aff0-1aed-441f-a1da-77f2a917de96.jpg
Materials Characterization,2020-08-05,https://book.douban.com/subject/3553875/,Yang Leng,9780470822982.0,https://img9.doubanio.com/view/subject/l/public/s8996628.jpg,https://neodb.social/books/419879/,https://neodb.social/media/book/2022/05/133723f53c-f30e-41b9-96b6-046a7f10db66.jpg
跨越边界的社区,2020-05-17,https://book.douban.com/subject/1051928/,项飚,9787108014368.0,https://img9.doubanio.com/view/subject/l/public/s22776967.jpg,https://neodb.social/books/12207/,https://neodb.social/media/book/2021/09/16b34ad6b2-24d2-4ee7-8802-960b53d2f140.jpg
"Statistical Mechanics, Third Edition",2020-03-02,https://book.douban.com/subject/6533788/,R K Pathria,9780123821881.0,https://img9.doubanio.com/view/subject/l/public/s28287316.jpg,https://neodb.social/books/211932/,https://neodb.social/media/book/2021/11/028bb5e954-0574-457f-b26a-1779c2cc89f9.jpg
现代量子力学,2020-02-11,https://book.douban.com/subject/6938816/,J.J.Sakurai,9787510035067.0,https://img9.doubanio.com/view/subject/l/public/s23110985.jpg,https://neodb.social/books/160215/,https://neodb.social/media/book/2021/10/2580fed17a-7aca-4a1a-b39d-f99a54235ff2.jpg
现代心理学史,2020-01-10,https://book.douban.com/subject/1811540/,[美] 杜·舒尔兹//西德尼·埃伦·舒尔兹|译者,9787534370472.0,https://img9.doubanio.com/view/subject/l/public/s9083795.jpg,https://neodb.social/books/201245/,https://neodb.social/media/book/2021/11/019f837a02-c617-4a9c-b4eb-7b8e6b305390.jpg
动员与效率,2019-12-25,https://book.douban.com/subject/26961645/,林超超,9787208141612.0,https://img9.doubanio.com/view/subject/l/public/s33875228.jpg,https://neodb.social/books/12786/,https://neodb.social/media/book/2021/09/1662aaa366-607d-4df1-a38c-c4cbd1eacec1.jpg
三国谍影4：江东杀机,2019-11-25,https://book.douban.com/subject/30412291/,何慕,9787214230249.0,https://img9.doubanio.com/view/subject/l/public/s29958619.jpg,https://neodb.social/books/275559/,https://neodb.social/media/book/2021/12/13d6afa654-8898-401f-8a08-c18fc5627fef.jpg
Classical Electrodynamics Third Edition,2019-10-18,https://book.douban.com/subject/1463274/,John David Jackson,9780471309321.0,https://img9.doubanio.com/view/subject/l/public/s29631130.jpg,https://neodb.social/books/285329/,https://neodb.social/media/book/2021/12/19c7ca0aa3-663f-4fe1-a9ea-aa97fcaae4cc.jpg
围城,2019-10-13,https://book.douban.com/subject/11524204/,钱锺书,9787020090006.0,https://img9.doubanio.com/view/subject/l/public/s11276847.jpg,https://neodb.social/books/11427/,https://neodb.social/media/book/2021/09/16b4850433-91da-46b2-a190-858088891831.jpg
佛学研究十八篇,2019-08-02,https://book.douban.com/subject/1007744/,梁启超,9787532529490.0,https://img9.doubanio.com/view/subject/l/public/s1306445.jpg,https://neodb.social/books/65059/,https://neodb.social/media/book/2021/11/28e86e139f-3920-4c91-b025-4f6b8568867a.jpg
Liespotting,2019-07-11,https://book.douban.com/subject/11612556/,Pamela Meyer,9781469000718.0,https://img9.doubanio.com/view/subject/l/public/s26088020.jpg,https://neodb.social/books/419880/,https://neodb.social/media/book/2022/05/139f2eaec8-3ba3-4cdd-a7e0-1b7d794a95c5.jpg
经济学原理（上下）,2019-04-12,https://book.douban.com/subject/1028842/,格里高里·曼昆,9787111126768.0,https://img9.doubanio.com/view/subject/l/public/s1785715.jpg,https://neodb.social/books/8357/,https://neodb.social/media/book/2021/09/1686bdc3a6-ca1d-46fc-bf0d-5699b51a1c71.jpg
蛙,2019-04-05,https://book.douban.com/subject/19995918/,莫言,9787532146352.0,https://img9.doubanio.com/view/subject/l/public/s25136967.jpg,https://neodb.social/books/6562/,https://neodb.social/media/book/2021/09/16529958e9-e21e-40e7-8bc7-eba286b27e44.jpg
倚天屠龙记,2019-04-05,https://book.douban.com/subject/1789841/,金庸,9787108006684.0,https://img9.doubanio.com/view/subject/l/public/s26018914.jpg,https://neodb.social/books/10847/,https://neodb.social/media/book/2021/09/16b4a36dea-92ad-4542-904d-c80153678de2.jpg
万历十五年,2019-03-31,https://book.douban.com/subject/1041482/,[美] 黄仁宇,9787108009821.0,https://img9.doubanio.com/view/subject/l/public/s1800355.jpg,https://neodb.social/books/1921/,https://neodb.social/media/book/2021/09/1535080f33-7dd8-465f-b924-ace42d2978e0.jpg
苏东坡传,2019-01-18,https://book.douban.com/subject/1792668/,林语堂,9787561335017.0,https://img9.doubanio.com/view/subject/l/public/s1997262.jpg,https://neodb.social/books/4645/,https://neodb.social/media/book/2021/09/16132e1df4-6313-4289-b28e-5575d05a8f8f.jpg
Classical Mechanics,2018-12-31,https://book.douban.com/subject/1427059/,Herbert Goldstein,9780201657029.0,https://img9.doubanio.com/view/subject/l/public/s1439988.jpg,https://neodb.social/books/130476/,https://neodb.social/media/book/2021/10/244d4fd97d-79f0-43ed-aa7a-f2499b0bd259.jpg
现代固体物理学导论,2018-12-18,https://book.douban.com/subject/3025837/,阎守胜,9787301121627.0,https://img9.doubanio.com/view/subject/l/public/s5911879.jpg,https://neodb.social/books/419881/,https://neodb.social/media/book/2022/05/1308f7409e-5613-4f09-b540-023ebcadbfbb.jpg
现代光学基础,2018-12-18,https://book.douban.com/subject/19987286/,钟锡华,9787301174692.0,https://img9.doubanio.com/view/subject/l/public/s24411930.jpg,https://neodb.social/books/419882/,https://neodb.social/media/book/2022/05/13088d5cf0-ad80-4c3b-a985-481c6a5971b7.jpg
Thermal Physics,2018-12-18,https://book.douban.com/subject/2880370/,"Kittel, Charles",9780716710882.0,https://img9.doubanio.com/view/subject/l/public/s4018574.jpg,https://neodb.social/books/419883/,https://neodb.social/media/book/2022/05/13acca6013-87ae-42c4-b592-502ac8a13c4b.jpg
棋王,2018-08-30,https://book.douban.com/subject/1020961/,阿城,9787506315975.0,https://img9.doubanio.com/view/subject/l/public/s26237958.jpg,https://neodb.social/books/656/,https://neodb.social/media/book/2021/09/15206797c8-afe7-4b02-a89f-52b5f8cde7ab.jpg
党员、党权与党争,2018-08-23,https://book.douban.com/subject/1139065/,王奇生,9787806780503.0,https://img9.doubanio.com/view/subject/l/public/s1808022.jpg,https://neodb.social/books/6567/,https://neodb.social/media/book/2021/09/16e00f1b38-990c-40d6-8406-16b3b37a7d6d.jpg
桃花扇,2018-03-23,https://book.douban.com/subject/1021709/,孔尚任,9787020015054.0,https://img9.doubanio.com/view/subject/l/public/s1072507.jpg,https://neodb.social/books/14855/,https://neodb.social/media/book/2021/09/17905a8e31-f90d-4a32-870a-cddd9391f9be.jpg
"Planewaves, Pseudopotentials, and the LAPW Method",2018-03-21,https://book.douban.com/subject/2853945/,David J. Singh,9780387287805.0,https://img9.doubanio.com/view/subject/l/public/s4025346.jpg,https://neodb.social/books/419884/,https://neodb.social/media/book/2022/05/1346fd9d01-b189-4b3e-aae2-09161e2ef0c0.jpg
Complex Analysis,2018-03-13,https://book.douban.com/subject/2043903/,Elias M. Stein,9780691113852.0,https://img9.doubanio.com/view/subject/l/public/s4382658.jpg,https://neodb.social/books/160264/,https://neodb.social/media/book/2021/10/250f523e60-9b65-4a62-85f1-525cac4cb7ab.jpg
Fourier Analysis,2018-03-13,https://book.douban.com/subject/1753109/,Elias M. Stein,9780691113845.0,https://img9.doubanio.com/view/subject/l/public/s7035217.jpg,https://neodb.social/books/126675/,https://neodb.social/media/book/2021/11/2862811f24-5d6c-4ac9-ba34-1022a6cdd487.jpg
Numerical Analysis,2018-03-13,https://book.douban.com/subject/4242374/,Richard L. Burden,9780538733519.0,https://img9.doubanio.com/view/subject/l/public/s6513512.jpg,https://neodb.social/books/250543/,https://neodb.social/media/book/2021/12/09b9d1605b-bbff-4da2-ac85-5b85b1f7c6a7.jpg
Quantum Optics,2018-03-13,https://book.douban.com/subject/1877567/,Marlan O. Scully,9780521435956.0,https://img9.doubanio.com/view/subject/l/public/s4245851.jpg,https://neodb.social/books/169469/,https://neodb.social/media/book/2021/11/27ee6144df-b94a-40fc-8b7c-e8ab7b8c23e8.jpg
Introduction to Elementary Particles,2018-03-13,https://book.douban.com/subject/1778642/,David Griffiths,9780471603863.0,https://img9.doubanio.com/view/subject/l/public/s3837571.jpg,https://neodb.social/books/1790/,https://neodb.social/media/book/2021/09/155e4fdab2-ea85-4f05-9e92-bd5a01b20ae2.jpg
Classical Mechanics,2018-03-13,https://book.douban.com/subject/2313180/,Walter Greiner,9780387951287.0,https://img9.doubanio.com/view/subject/l/public/s2770931.jpg,https://neodb.social/books/127547/,https://neodb.social/media/book/2021/10/24de4da1c7-b557-4116-9160-2aa27513cc59.jpg
Introduction to Electrodynamics,2018-03-13,https://book.douban.com/subject/2060002/,David J. Griffiths,9780138053260.0,https://img9.doubanio.com/view/subject/l/public/s7003299.jpg,https://neodb.social/books/55977/,https://neodb.social/media/book/2021/11/2865f38699-86ef-4921-830e-e3bc0cde3d47.jpg
Introduction to Quantum Mechanics,2018-03-13,https://book.douban.com/subject/1869923/,David J. Griffiths,9780131118928.0,https://img9.doubanio.com/view/subject/l/public/s3382537.jpg,https://neodb.social/books/55974/,https://neodb.social/media/book/2021/10/192c620a17-4757-4681-8312-26990268da97.jpg
固体物理学,2018-03-13,https://book.douban.com/subject/1726390/,黄昆,9787040010251.0,https://img9.doubanio.com/view/subject/l/public/s24935122.jpg,https://neodb.social/books/422/,https://neodb.social/media/book/2021/09/15b42c25e0-cf31-41d3-8620-c2fb8b7c8b37.jpg
凝聚态物理学（上卷）,2018-03-13,https://book.douban.com/subject/1536239/,冯端,9787040127386.0,https://img9.doubanio.com/view/subject/l/public/s6296603.jpg,https://neodb.social/books/58490/,https://neodb.social/media/book/2021/10/2102832789-48bc-47a1-88e0-81aba6964e5f.jpg
论人类不平等的起源和基础,2018-02-09,https://book.douban.com/subject/1657455/,[法]卢梭,9787100017527.0,https://img9.doubanio.com/view/subject/l/public/s28337980.jpg,https://neodb.social/books/14945/,https://neodb.social/media/book/2021/09/179eba1134-e84f-4b86-b490-9d0ce6f64f5d.jpg
法国通史,2018-01-24,https://book.douban.com/subject/20406641/,吕一民,9787552000115.0,https://img9.doubanio.com/view/subject/l/public/s28058168.jpg,https://neodb.social/books/112560/,https://neodb.social/media/book/2021/12/0472fbc303-3575-4890-8753-91e8679ec1d1.jpg
瓦尔登湖,2017-12-31,https://book.douban.com/subject/1865089/,出版社:,9787532739578.0,https://img9.doubanio.com/view/subject/l/public/s1999119.jpg,https://neodb.social/books/2931/,https://neodb.social/media/book/2021/09/153b70a9d9-b2bc-46e4-ab16-a45c90b152ab.jpg
红顶商人胡雪岩,2023-09-04,https://book.douban.com/subject/10605328/,高阳,9787539948461,https://img9.doubanio.com/view/subject/l/public/s9079384.jpg,https://neodb.social/book/1zWzMzAvGuplGCyWLZYB3S,https://neodb.social/media/book/2021/12/04a27cbd90-80df-48fe-9e8e-6447d7d8c0a4.jpg
明朝那些事儿（1-9）,2017-12-26,https://book.douban.com/subject/3674537/,当年明月,9787801656087.0,https://img9.doubanio.com/view/subject/l/public/s3745215.jpg,https://neodb.social/books/1925/,https://neodb.social/media/book/2021/09/15f441def3-74fd-44c1-8b63-f9de8c404fd9.jpg
纽约无人是客,2017-11-24,https://book.douban.com/subject/27037182/,沈辛成,9787547512487.0,https://img9.doubanio.com/view/subject/l/public/s29478001.jpg,https://neodb.social/books/13906/,https://neodb.social/media/book/2021/09/1602f546ba-dcf9-4234-b7ec-ef71c2abe230.jpg
曾国藩（上中下）,2017-11-18,https://book.douban.com/subject/1037060/,唐浩明,9787020037704.0,https://img9.doubanio.com/view/subject/l/public/s1065190.jpg,https://neodb.social/books/18744/,https://neodb.social/media/book/2021/09/174efdf37e-d536-4790-92b0-2d7c13f0ee9f.jpg
射雕英雄传,2017-11-16,https://book.douban.com/subject/1789837/,金庸,9787108006714.0,https://img9.doubanio.com/view/subject/l/public/s28267663.jpg,https://neodb.social/books/12073/,https://neodb.social/media/book/2021/09/160527e8d2-0c49-4ff6-a90b-a2b1e27e02a2.jpg
呐喊,2017-11-16,https://book.douban.com/subject/1449351/,鲁迅,,https://img9.doubanio.com/view/subject/l/public/s34099286.jpg,https://neodb.social/books/407/,https://neodb.social/media/book/2021/09/1512eb696a-d348-436b-b50c-81c284f23b92.jpg
碧血剑（上下）,2017-11-08,https://book.douban.com/subject/1055976/,金庸,9787108012494.0,https://img9.doubanio.com/view/subject/l/public/s2157331.jpg,https://neodb.social/books/28607/,https://neodb.social/media/book/2021/09/22de4bdef9-e375-4e98-b055-114a671c67c1.jpg
老人与海,2017-11-08,https://book.douban.com/subject/1064275/,[美]海明威,9787532723447.0,https://img9.doubanio.com/view/subject/l/public/s1050021.jpg,https://neodb.social/books/456/,https://neodb.social/media/book/2021/09/15335e2c34-c763-4dd1-9171-b8b22116e3f7.jpg
普罗旺斯的一年,2017-11-08,https://book.douban.com/subject/1075538/,[英] 彼得·梅尔,9787561325971.0,https://img9.doubanio.com/view/subject/l/public/s1557709.jpg,https://neodb.social/books/11198/,https://neodb.social/media/book/2021/09/166109ea84-e77e-44e3-aeec-340cca76fe62.jpg
笑傲江湖（全四册）,2017-11-08,https://book.douban.com/subject/1002299/,金庸,9787108006639.0,https://img9.doubanio.com/view/subject/l/public/s2157335.jpg,https://neodb.social/books/1851/,https://neodb.social/media/book/2021/09/153ea2495c-b9dc-4b75-9b73-8a02a3947805.jpg
九州缥缈录,2017-11-08,https://book.douban.com/subject/26980886/,江南,9787020152537.0,https://img9.doubanio.com/view/subject/l/public/s33318806.jpg,https://neodb.social/books/245963/,https://neodb.social/media/book/2021/12/09d9a01747-81f3-4553-8e1b-f18f0ae4b9f6.jpg
菊与刀,2017-11-07,https://book.douban.com/subject/1022238/,[美] 鲁思·本尼迪克特,9787100012935.0,https://img9.doubanio.com/view/subject/l/public/s9140593.jpg,https://neodb.social/books/2412/,https://neodb.social/media/book/2021/09/151bf1c115-6d1f-4d51-9b6d-a6df57e33873.jpg
百年孤独,2017-08-13,https://book.douban.com/subject/6082808/,[哥伦比亚] 加西亚·马尔克斯,9787544253994.0,https://img9.doubanio.com/view/subject/l/public/s27237850.jpg,https://neodb.social/books/67/,https://neodb.social/media/book/2021/09/130e598f31-673c-4530-aa8d-87a59d783f8e.jpg
太阳照常升起,2017-06-24,https://book.douban.com/subject/1174722/,海明威,9787532734283.0,https://img9.doubanio.com/view/subject/l/public/s1555577.jpg,https://neodb.social/books/14579/,https://neodb.social/media/book/2021/09/16c9ab0b36-1f47-4b5a-bbe2-2a73a88cdc3d.jpg
歌剧魅影,2017-06-24,https://book.douban.com/subject/1102497/,[法] 卡斯顿·勒胡,9787505715868.0,https://img9.doubanio.com/view/subject/l/public/s1086215.jpg,https://neodb.social/books/153747/,https://neodb.social/media/book/2021/12/04b6c97f50-22a9-4d7e-8a7f-c5482e243947.jpg
解忧杂货店,2017-05-24,https://book.douban.com/subject/25862578/,[日] 东野圭吾,9787544270878.0,https://img9.doubanio.com/view/subject/l/public/s27264181.jpg,https://neodb.social/books/463/,https://neodb.social/media/book/2021/09/15b35a9b1d-647e-487c-a6e4-6b072c09b812.jpg
上帝掷骰子吗,2017-05-07,https://book.douban.com/subject/1467022/,出版社:,9787538276374.0,https://img9.doubanio.com/view/subject/l/public/s1486674.jpg,https://neodb.social/books/583/,https://neodb.social/media/book/2021/09/15d8e27e56-55d2-4a37-b092-8e51e284997a.jpg
玩偶之家,2017-05-07,https://book.douban.com/subject/1373788/,亨里克·易卜生,9789575869342.0,https://img9.doubanio.com/view/subject/l/public/s2666262.jpg,https://neodb.social/books/7755/,https://neodb.social/media/book/2021/09/1647fa3869-dfcf-4fad-9f1b-1c5830f9c4b0.jpg
怪诞行为学2,2017-05-07,https://book.douban.com/subject/5253757/,丹·艾瑞里,9787508622545.0,https://img9.doubanio.com/view/subject/l/public/s24869208.jpg,https://neodb.social/books/34056/,https://neodb.social/media/book/2021/10/1282243a07-e9f8-4ad2-9151-b5b29ebcf72a.jpg
怪诞行为学,2017-05-07,https://book.douban.com/subject/4929844/,[美] 丹·艾瑞里,9787508622187.0,https://img9.doubanio.com/view/subject/l/public/s4500502.jpg,https://neodb.social/books/6972/,https://neodb.social/media/book/2021/09/1673726cca-1a67-410b-abe4-5f62fc207810.jpg
乌合之众,2017-05-07,https://book.douban.com/subject/1012611/,[法] 古斯塔夫·勒庞,9787801093660.0,https://img9.doubanio.com/view/subject/l/public/s1988393.jpg,https://neodb.social/books/672/,https://neodb.social/media/book/2021/09/15bea69c17-a1ba-499a-a321-b1415988e5eb.jpg
麦田里的守望者,2017-05-07,https://book.douban.com/subject/1082518/,出版社:,9787805676135.0,https://img9.doubanio.com/view/subject/l/public/s2738366.jpg,https://neodb.social/books/146/,https://neodb.social/media/book/2021/09/13035f2acc-c872-4629-b64e-851cc80a07e3.jpg
乡土中国,2017-05-07,https://book.douban.com/subject/1795079/,费孝通,9787208062153.0,https://img9.doubanio.com/view/subject/l/public/s1762210.jpg,https://neodb.social/books/2393/,https://neodb.social/media/book/2021/09/1502bcc812-5961-47d1-ba7a-b196a35f99cd.jpg
家,2017-05-07,https://book.douban.com/subject/1082522/,巴金,9787020001118.0,https://img9.doubanio.com/view/subject/l/public/s1107338.jpg,https://neodb.social/books/4441/,https://neodb.social/media/book/2021/09/162bdfa70e-f78f-4482-a6ed-f7f18b566c30.jpg
飘,2017-05-07,https://book.douban.com/subject/1068920/,[美国] 玛格丽特·米切尔,9787806570920.0,https://img9.doubanio.com/view/subject/l/public/s1078958.jpg,https://neodb.social/books/153/,https://neodb.social/media/book/2021/09/1332df7aa1-a2ca-4976-a724-496d9bdd2c0c.jpg
追风筝的人,2017-05-07,https://book.douban.com/subject/1770782/,卡勒德·胡赛尼,9787208061644.0,https://img9.doubanio.com/view/subject/l/public/s1727290.jpg,https://neodb.social/books/79/,https://neodb.social/media/book/2021/09/134bf52662-1a76-455c-86d7-4b6d79ccd9e0.jpg
雪国,2017-05-07,https://book.douban.com/subject/1069059/,[日] 川端康成,9787020035847.0,https://img9.doubanio.com/view/subject/l/public/s26041683.jpg,https://neodb.social/books/954/,https://neodb.social/media/book/2021/09/157d3100a0-4826-45c8-aecb-eee70fdb03d5.jpg
白夜行,2017-05-07,https://book.douban.com/subject/3259440/,东野圭吾,9787544242516.0,https://img9.doubanio.com/view/subject/l/public/s4610502.jpg,https://neodb.social/books/63/,https://neodb.social/media/book/2021/09/13accd2a93-2b8d-461e-8746-3c80689fd0dd.jpg
过于喧嚣的孤独,2017-05-07,https://book.douban.com/subject/6781794/,(捷克) 赫拉巴尔,9787530211571.0,https://img9.doubanio.com/view/subject/l/public/s24422879.jpg,https://neodb.social/books/2978/,https://neodb.social/media/book/2021/09/15e95ec12d-a240-43ae-b5aa-f2e798376979.jpg
此间的少年,2017-05-07,https://book.douban.com/subject/1020459/,江南,9787507515121.0,https://img9.doubanio.com/view/subject/l/public/s1068707.jpg,https://neodb.social/books/1168/,https://neodb.social/media/book/2021/09/15b8935a0b-4b70-4ca7-bcbf-f4e36196cc26.jpg
呼兰河传,2017-05-07,https://book.douban.com/subject/1060852/,萧红,9787530640470.0,https://img9.doubanio.com/view/subject/l/public/s1167060.jpg,https://neodb.social/books/427/,https://neodb.social/media/book/2021/09/155f93dfe7-bdf1-43c9-86c3-dcf483ddeb8c.jpg
1984,2017-05-07,https://book.douban.com/subject/4820710/,[英] 乔治·奥威尔,9787530210291.0,https://img9.doubanio.com/view/subject/l/public/s4371408.jpg,https://neodb.social/books/250/,https://neodb.social/media/book/2021/09/1521eecb7e-0dcb-4eb0-91ef-d1d7a38d4c58.jpg
挪威的森林,2017-05-07,https://book.douban.com/subject/2159042/,[日] 村上春树,9787532742929.0,https://img9.doubanio.com/view/subject/l/public/s27312538.jpg,https://neodb.social/books/4006/,https://neodb.social/media/book/2021/09/156fc08f9f-b782-4df6-9bda-a8d648d45bc3.jpg
